CdSecteurH;CNRM_ALAD;CNRM_Had3;EARTH_Had3;EARTH_RAC;EARTH_RCA4;Had2_ALAD;Had2_CCLM4;Had2_Had3;Had2_Reg6;IPSL_HIR5;IPSL_RCA4;MPI_CCLM4;MPI_Reg6;MPI_REMO;Nor_HIR5;Nor_REMO;Nor_WRF;Med_models
A0;9.257179424432715;5.849259080955749;36.05008881432386;24.16715433705177;29.449421664668375;9.239526907429576;6.1380665161884895;6.890830405661497;6.834449386332975;24.65456128838288;2.366857501889763;13.887727575029473;28.56714072787476;26.290085021727695;-6.549582657612207;2.9766786432836367;33.92998569901575;9.257179424432715
A1;2.7521630192795854;1.841386409430723;20.775798392555835;17.043174332851187;14.929737454049176;6.0747117336188206;5.112022387983006;3.3922934981657216;5.844149140638355;7.726641816838376;0.7714255264275272;10.625168146924624;17.559213111682716;19.795707030741006;-8.94240482685965;2.0912311185006915;15.157245011129785;6.0747117336188206
A2;1.7824576011284954;0.42289027841100335;19.75615726466056;16.581231980858636;12.570732185715938;7.2451309026461566;6.6783585327799155;2.912420754561595;6.451149393537903;6.881141025227699;1.1480801690422204;8.083739741508422;17.87939286604596;19.4018743682282;-8.56478622800525;1.918418820616985;13.266051705979631;6.881141025227699
A3;4.721042561336275;0.47829261433698367;26.603977227774145;22.442613649366415;17.006683221131368;8.840039852907623;8.500195020743305;5.699108114445206;4.905410467933846;15.354871558402694;4.249031415647764;7.654920712649593;22.42152098013268;18.90435885345949;-5.876037905035281;3.198409223490528;20.293362905162216;8.500195020743305
A4;0.08253020652231324;-0.8905815741236056;14.627667896586116;13.49706106635984;6.671166366759462;5.044396885644042;6.142418846729103;1.941712336558421;5.103835021297187;0.3121162730182814;0.5583902369970861;6.577468884518156;13.364169889748243;15.700979956537608;-10.37200116726298;-0.93117279039292;7.606957287402549;5.103835021297187
A5;3.955913383171139;-0.1929726818582389;21.266220546234305;13.88042981071469;9.049662490655288;2.8166471146519045;7.8744780397831615;3.733113155170464;0.16064231916546046;1.260353109212442;2.449314593379204;6.891645019121051;16.275533976029855;14.12695811674225;-8.761053966194032;-3.1928486111075793;10.9733177899354;3.955913383171139
A6;1.5596557208747974;-1.0071546638183435;16.89103079159624;15.428035516097038;7.377340192215365;5.01929550475495;7.112838618064332;3.3208435606295827;3.033107587221684;1.9655946997699791;1.776417820779197;6.124849529216259;14.612964482322122;14.341843196276136;-9.539246187800188;-1.418449593798965;9.59670029055275;5.01929550475495
A7;4.1757834134462435;0.10858060128100532;21.724758859801916;13.841513253862892;9.483254241159925;2.6288816608445176;7.878974955794482;3.787873774976469;-0.07698625505291323;1.5024293494456886;2.572289884031931;6.962450700848888;16.55992619276061;14.178914874079783;-8.592858797659309;-3.128807679483381;11.162844453192688;4.1757834134462435
A8;4.293699719754418;-0.1810743143188076;22.448508485393525;10.798198644802447;9.137381569928271;2.1198028517982914;7.743788480242153;3.1901808429893874;-0.18629265547228657;-1.5237953312521313;1.8932821763463448;7.4565120695768705;16.239374866885026;14.495529314557466;-8.529865645677804;-3.2640927276972764;9.812562171844208;4.293699719754418
A9;2.9758692088893257;-1.1653633112530315;19.384537923260204;17.60988023265555;8.160540119909987;4.5761334663476205;8.036687241639484;4.406230090019125;0.3979939501609131;3.0810011991649233;2.652794547771453;5.714883617025546;15.948048949182514;13.229077288496384;-9.195998177746311;-2.4244120187989604;11.23133888603849;4.5761334663476205
B0;2.018446264646334;-1.430134200365496;21.664249741725584;13.114821587554925;9.115688954676916;3.1213993274326723;7.810513902277538;2.640016337763651;4.794994865189106;4.004069316129488;6.336278137446016;7.673682262040327;13.051634723135862;14.36051366734301;-7.8804722622427885;-3.0520078665783323;11.597874556971988;6.336278137446016
B1;2.658359494558815;-1.4806322833572971;21.824838456339712;11.593170193899136;8.643760461700701;2.6187913073293156;7.767825279209206;2.675947345420737;3.0206538889842705;1.4714135797913697;4.787986533753608;7.820916902112662;13.587385745427197;14.391911722144313;-8.19859783000304;-3.212703998113675;10.63673267888332;4.787986533753608
B2;4.203238450669855;-1.441719882949577;22.84189017993816;7.010047316362411;7.889236083320195;1.053390713833613;7.61701936983874;2.493192951115142;-0.8937845009956202;-4.733482929701182;1.571989629484993;8.539152421196006;14.5572051905136;14.584682839059226;-8.659183634636392;-3.5902620547176856;8.297480601592856;4.203238450669855
B3;4.35717560743647;-2.012536728332859;22.493997207892804;6.624431706716782;7.218824824468961;1.0826867228453274;6.78220016185056;1.9332679463754057;-1.3849139253113485;-6.737528187954989;0.4498137574648009;9.06029686097829;13.602551856148937;12.822131995905428;-8.466199776048633;-4.161162591657385;7.571156020460013;4.35717560743647
B4;4.514592224500902;-3.086914218894643;21.29496686420591;6.744090747980658;6.3146860320606235;1.435883408835803;4.491109776943514;0.5853470310485775;-1.8453719420124528;-10.501665625295988;-1.6878117615265031;9.987446543722369;11.390331490423478;8.704106078551298;-7.804368335131029;-5.358109459650606;6.021126650227315;4.491109776943514
B5;4.015798059944475;-4.329369811246464;19.56834134681675;7.022333719585894;6.410827066740787;1.656833126502666;3.62381859390275;-0.2105445699604025;-2.0910816682318645;-10.439767400632627;-1.2596691785728087;10.577336389056136;11.655100962630785;9.73092641233504;-7.52631072277965;-5.138853316661862;5.690744249209212;3.62381859390275
B6;3.249891134319194;-8.477046474500094;14.734299544075125;8.595625521469463;7.031836372468936;2.8520052589660283;0.6691340169350246;-3.342416725466346;-2.207987406330858;-12.385243773332856;-1.705416576760399;12.61780603274094;12.481303199976445;11.80286296275872;-6.313517494057352;-4.583918762965878;4.3028528762669715;2.8520052589660283
B7;3.250813684266074;-8.502931660306734;14.70467899798744;8.605690731090654;7.0389578092652005;2.862753996996914;0.6432093603906619;-3.366889808505147;-2.204052218374708;-12.419211439201716;-1.7205425794896811;12.6309389604619;12.472771551296802;11.796112938014767;-6.30795316258167;-4.5893581700837345;4.288453578307672;2.862753996996914
D0;-2.1508045722976044;-17.51118645705334;10.84237378238515;11.789938183798988;1.624692029857644;9.403203271013826;-1.0251342221308413;-1.9404105780979175;-8.680971368241186;-0.4613506719024496;-0.42571736659512416;14.579111034311088;12.810202774926394;9.006718645429746;-6.476108630320876;-5.808704005953169;10.698957819458265;-0.42571736659512416
E1;-3.3054780226518754;-14.777600560223137;11.907986564273232;19.41004995225477;8.37681980358649;9.226048207372116;-1.287909478069338;-1.1501228556935028;-11.508368734041508;6.565139574654766;4.581511834348495;15.387907906026644;13.19328894214362;8.69720838557464;-5.265206262919342;-5.020170271219282;10.954812847979344;6.565139574654766
E2;-6.006949159271757;-12.4699827337463;9.896868453613994;21.538672040930717;11.667501085192344;8.838631029439536;-0.3917183405920399;-0.469195664065547;-14.41218283798773;6.497072663520265;7.632399739289775;13.54077879458455;11.247533222425757;10.132890151816976;-4.657961797025367;-4.811821363665658;10.01967658926295;7.632399739289775
E3;-5.30330836046703;-10.350886805770488;8.932360616174373;22.152039948894853;11.435602314394554;9.0368451785926;0.1644028935551045;0.6848413956824118;-14.242528603208182;3.915491952430483;8.848589988212453;11.044495193251525;12.712039450955114;15.20715774282846;-6.11392607807465;-3.4812044786413088;11.791089932015408;8.848589988212453
E4;-2.505771246235755;-7.394581649062982;9.816586053408647;22.08898748448287;9.52765035128671;8.709075395790467;2.476798191413465;2.075836054986735;-11.824495059443516;3.1093246973832533;13.145934852092411;11.6372968418208;18.468931572442628;21.89918708526264;-5.714757508909085;-0.573457841828251;10.541494304379295;8.709075395790467
E5;-5.586735392810183;-6.583562743027227;10.087630063267362;16.29890152760025;9.035155207637558;8.462014814995422;0.3711815821486386;1.4698225047457658;-9.035052407726052;0.6179768427607257;12.362921380552171;13.852312706964677;16.16859412959528;16.85822379354669;-8.002618527008687;-6.025545601690075;6.568508648506244;6.568508648506244
E6;-1.7456031615521006;-8.84807345621742;12.115492688698716;25.006886420715844;13.336724186067617;6.677193050045216;-2.8237662066343705;-1.6187138815250246;-10.684471114826376;7.197207466850775;8.94004966100772;16.02094014841633;13.757374462373528;14.464222200654998;-2.4858673471610304;-0.942014712624073;8.957291870217453;7.197207466850775
F0;4.119004729384934;-0.09535004540025538;27.933524394934437;12.19179298903601;10.157786306902404;5.5897966175091796;8.269153443180244;6.67232708859824;5.2163269385242295;-1.2534434545740214;1.6171340248230637;4.063077483807365;12.3057869173679;8.417636567872888;-11.59448892714755;-3.2201322082461625;14.878748433087251;5.5897966175091796
F1;5.769147004989628;0.29765350580723826;27.082503635622366;11.05518008211639;10.511007070266798;4.581081507814577;9.51573614014416;6.2114975615350065;3.093118058296418;-1.5783170038321748;1.3625627603268908;4.681834837816146;14.352267270190232;10.56663435377776;-10.757393770798018;-1.2273969349612668;14.091913313924431;5.769147004989628
F2;4.948635706525217;-2.1595068323567057;27.875875596353985;16.029199806045114;13.140091092277494;6.027544138928387;12.279487129079223;3.441785899273619;6.057339616727431;-1.3917976272415422;0.5932195392731598;2.82106029217093;17.29955401767931;7.504685459956284;-10.482558420477616;7.461849079923133;12.484175046983715;6.057339616727431
F3;3.940973879196452;-0.4873983343988142;27.842752891148905;14.117691098873289;9.166776221364437;5.790001460563476;7.000089410202959;6.828185881038884;6.295441233331012;1.4164791711877234;0.7174259558860641;2.4485636143496192;14.212691964094716;7.945074847362976;-10.949960138296188;-0.5242694146952664;15.18321351492622;6.295441233331012
F4;4.15719888885806;-2.049239793720292;20.288750014954047;17.33983547883058;12.860437211767415;7.33815992012814;10.456134138976658;-0.41161077202876983;7.054826844460393;0.19863593484301667;-2.8203045037702767;6.858638529384753;16.01687334644386;11.24219962237296;-12.679108407651974;7.961340477347356;7.584324359666317;7.33815992012814
F5;3.336912857701213;0.31469517809488146;24.795097029768055;8.62252247565969;8.379266577654821;3.829669886713915;7.714984178965079;5.643280630697944;2.3731850317129544;-4.036312442855728;1.2917825105048797;5.7825609158582925;11.963845444443375;9.56259233845824;-11.462991122579192;-4.722818224252312;12.213396839932544;5.643280630697944
F6;7.754353541287551;-2.649426817050138;25.021154469988073;16.312359013426935;10.803808556581318;3.814152612481214;8.598785360537464;2.062760473896219;-2.5348029036702746;-0.7129551694380676;-1.2996700398985372;7.230623787383417;16.477403338255648;9.374339035038991;-9.357895242122783;4.523673429031305;9.906538843164302;7.230623787383417
F7;-1.1785299631389634;-7.970578028088537;11.844798355431577;18.067633214311307;5.423313875349156;1.7791200534900575;3.052686143763239;-3.7381945450149168;-10.173662225290148;-1.7220033762791465;-6.279493376651734;9.58151460445411;8.304623717244898;4.951333265675539;-5.7695194216825225;-0.7308414820275888;6.820774128038787;1.7791200534900575
G0;-4.152740118653464;-11.327238635525047;5.925469176880971;21.15920622589116;7.631324239776727;4.523302587296696;-2.921611327982332;-2.3742739808263913;-8.120016636541594;2.9891663439505667;7.101236973370995;12.260775929424272;13.651089765673309;17.709586770204044;-4.344474732895732;2.9430168174954474;5.318747724546502;4.523302587296696
G1;-4.104613613919616;-11.498772520889244;5.740245930789478;21.034365944032608;7.423529975945531;4.220640124176822;-3.0080535309115697;-2.5539403448477715;-8.015853680522579;2.914679979166523;6.910881324953166;12.201396220001849;13.499429017411524;17.807655571773083;-4.351621126415317;3.3014405570979344;5.0226140899017;4.220640124176822
G2;-3.587969429859905;-11.196699271412236;5.781257539364182;20.051810217013568;7.495219185112001;3.4265453829909864;-2.7814282737042784;-3.192003230730933;-8.12616055428922;2.527816882478562;6.2851321465997145;11.741551939979011;11.999532012238934;16.37717163008667;-4.19813171122555;2.599984797629551;4.111608038144499;3.4265453829909864
G3;-4.953469556139767;-8.951309564863708;4.298696227141563;18.65416790128631;8.645416085248335;4.261449392859773;-2.5214832694863576;-3.271911531801386;-7.978525091713539;-4.164314443588724;6.649158618971418;13.460999924357097;12.842691361987924;17.05319445519673;-3.0927104279418915;2.1935637275974473;5.937103789446696;4.261449392859773
G4;-5.012286453629999;-8.767075287033066;4.194387960924084;18.48251842794848;8.72995685497504;4.265064231805771;-2.484514613004296;-3.3253469283604176;-7.978050952284854;-4.669970118793798;6.62980365594239;13.548731679391569;12.786320961247563;16.987594962625607;-2.997383619853522;2.107821372348906;6.002279783311848;4.194387960924084
G5;-5.018877388092635;-8.770103581235823;4.191015276538956;18.48371354508793;8.738508561569635;4.263419382735756;-2.4875237406728368;-3.3207364931416627;-7.972296684018487;-4.670897231493121;6.631291654448557;13.564227595684695;12.808442379571616;17.012416434313614;-3.0010925894272455;2.1233429445234986;6.006290251426338;4.191015276538956
G6;-5.016314890534734;-8.768926147378442;4.1923265668263765;18.48324888027399;8.735183680964575;4.2640588762505205;-2.4863538027647403;-3.32252887393355;-7.974533802081851;-4.670536783468049;6.630713116827502;13.558202692985557;12.799841323410432;17.0027663513457;-2.999650594735126;2.117308407435492;6.004730996625596;4.1923265668263765
G7;-4.625369722768468;-8.460214737724158;4.293901505953124;18.33100425256116;8.59432596006624;4.282683871969573;-2.141580530693566;-3.5456017802977136;-8.369576583775096;-5.100112805518453;6.6562418154053615;13.555154158312432;12.336968552273865;16.405048786374408;-3.0766503411596036;1.4900110893016238;5.57473968606077;4.282683871969573
H0;6.203866457826068;-8.385060678250667;20.075736409305776;14.19857931068298;9.794518778124118;6.7022769119799985;1.4255131581425884;-0.48616562777228367;-5.916351902496153;-2.138944969516954;2.1223083027192;15.85033739112669;12.57708163944926;9.13888301196346;-4.162500833486593;-1.80469501854299;8.160995021563156;6.203866457826068
H1;8.08694596366828;-2.192177571965681;26.61109098451697;11.296971321264484;9.892137883626972;5.6681763393966245;5.89509211166761;2.4191133811595433;-4.401493208207707;-3.18204372346802;1.1969771953006303;12.184391920062886;16.71766713184293;9.249716641854032;-6.475931540678593;-3.082072420492854;12.255038097926052;5.89509211166761
H2;1.3549128719668737;-8.210815679265204;12.579062190777693;20.49954184921057;9.770201714314776;1.604128036290864;0.33974794696052246;-3.8979670692071537;-12.252463928917766;2.336491464552548;-0.5992827366014919;12.58932451726038;9.393617054494108;7.344021172447368;-3.258164056680102;-0.9849374748501338;5.211253870350507;1.604128036290864
H3;-1.8449948092079005;-8.297339499878987;9.362298807806525;18.517767373700742;9.609754586449036;1.4488558165868026;0.4612288927841268;-3.753241715733757;-9.390625631989035;-0.6192054074525499;-0.9282849404332773;9.797225990813407;7.945345599523623;5.046712762685446;-3.529170918069968;-0.6403756518009729;4.2937515399183335;0.4612288927841268
H4;-3.451007524729699;-8.506303403023574;8.701006988159342;18.511959447396254;7.3517469567431215;3.0666522420309983;2.051004662876088;-2.483414058747635;-2.137503444054767;-1.5093656896916774;0.2019676553700389;3.769867508791891;8.371940760623708;11.697170676579516;-5.662539432838565;4.728041610405476;4.758884924592421;3.0666522420309983
H5;-3.7303058070847106;-8.127451935827867;4.927396841513643;18.018672612072017;7.144383514189001;4.369294118482792;-1.7606201286006873;-4.143904356569017;-9.156920568984251;-4.601163096280203;6.066647279576065;10.573527869833011;8.659027997563463;12.144550225007;-2.485024499344801;-0.8905862735453018;5.308828283252276;4.369294118482792
H6;-3.654148745481467;-8.313902915618709;6.530073160956129;17.915174764100716;5.8334240697080375;2.3094235354860215;0.38723268096654273;-2.8505344233966556;-4.5096305014530325;-3.9905232109421207;3.4882431744783116;2.9974647351022954;7.594069098890088;12.647527114592428;-3.861598278725631;2.813416234474775;3.97790996140408;2.813416234474775
H7;-3.9474159888284737;-8.1018819875187;5.083466953519;17.806774723460663;7.507417770831459;3.658045355384143;-1.154069936352653;-3.5862720179429264;-8.033122514682411;-5.058908951025121;5.52165480377631;10.236512576684342;10.0347975605221;14.030118139683424;-3.3126161473937987;0.7604768916845472;5.012325621966496;3.658045355384143
I0;-2.245887953103054;-4.829261430747933;7.216496621510915;12.988000291657343;6.798243742902499;2.211852367612943;-0.6218162957386975;-3.3542066445003016;-6.770746609907374;-5.836837138241446;2.0835934842859505;0.8563877762646666;7.20013229480625;9.250665607561782;-4.588651933436649;0.764834144045623;4.784742433491007;0.8563877762646666
I1;-3.507340244930801;-2.848876948275181;7.608814261194219;14.676784385288322;8.002481628122048;0.1663810255436049;-2.4771190812262978;-4.635693523511819;-4.8858398537081404;-1.6135075831548384;6.8012791235852355;1.3705234286387702;9.570951205818124;11.66868203365019;-2.9598500646975;3.810234346776453;7.02410977383523;1.3705234286387702
I2;-5.311280362439785;-3.61591385408333;6.870783238904998;12.52787789753038;6.536002524579287;-3.960123492862777;-5.296195361785894;-6.851589693414873;-4.717074404475563;-0.8293305022028075;9.457279076295212;2.975558951142254;11.082167899968498;12.855362866951925;-3.26403561137093;6.507469338156868;5.249139776982625;2.975558951142254
I3;-4.730110980930546;-2.0336857018324106;7.584089482768275;14.92326839397824;8.181162858713108;-2.1665963821869805;-4.294235370821841;-5.941888016710828;-3.82433810767675;0.8701080704196951;10.142622551462654;2.1248492701488875;11.294475943641014;13.301615267938027;-2.200939794712209;6.269926384783386;7.710743220760285;2.1248492701488875
I4;-6.868155140246312;-5.471407619323387;5.677238545914887;10.487246312437184;4.862243492283991;-4.232833744602138;-5.7707787885605715;-8.167837472515549;-6.331530673959729;-5.4031809809564235;8.945040901263157;5.404188035179525;10.175807164258632;11.900710695300344;-4.789842954928791;5.868705893461268;4.135041020707098;4.135041020707098
I5;-2.671057224036544;-3.8331939831086848;10.28733186880837;12.808549136524316;6.804751589368685;-4.3978425098701095;-2.4302756741908182;-8.459221148101381;-4.672576800761597;-5.8653902045926465;7.836716546717315;12.7437610858252;13.997721454926682;15.29210910488159;-5.892745463519933;-0.9721337942674046;1.0347071512824657;-0.9721337942674046
I6;-3.0189096935925197;-4.47952410505863;10.5110911424255;12.46139648704958;6.844409998088108;-2.6456270116354763;-3.504764034274843;-5.903657608759605;-3.602462145452434;-7.739737861049056;6.6945605881068015;12.53140198118896;16.552303429936654;16.424479576977234;-6.451241293960141;-0.11356775745012816;2.444541721768112;-0.11356775745012816
I7;-4.226107520367551;-4.164729130224599;7.230067168610788;10.021599806012135;5.171337815827459;-0.05922168633569757;-5.012079740044973;-6.47925329215383;-4.847909651341464;-9.625506804047424;5.246196787076629;11.397530770230825;17.017072939201515;13.141385146672713;-9.120901356544287;-0.6658562050234074;5.701069941371717;-0.05922168633569757
I8;-3.8124240532142695;-4.150086462515057;4.673069746878977;8.33881088425883;5.813001719820243;1.2462239880384418;-4.379692030290816;-5.452599738051111;-4.182599548634103;-11.74893311071672;5.650029589758154;7.285764964330577;15.567876771943222;9.962815477085972;-7.357563813897006;-1.4085165629604046;5.11798569040125;1.2462239880384418
I9;-2.6251050391148834;-3.7505736752398766;6.320859148716651;11.806147540644574;9.66910281148925;-1.0827568342081206;-3.5190171882492405;-5.676787730393329;-5.022530917820111;-7.658704806257644;6.149944920698824;5.423398328430906;10.927638619512203;8.084402434701854;-5.769066005877832;-0.3352867785088809;5.75570369167957;-0.3352867785088809
J0;0.8435913570973508;-5.03091277244957;10.8440122800058;20.455818781143662;11.769144679158304;3.236073564745512;-1.771309313283964;-4.59691296006085;5.883697900272122;2.6420048495989112;8.003156790977739;2.116495953256403;13.497280337500571;20.530050146474423;-4.07575423949228;4.214479364933288;11.48530735280364;4.214479364933288
J1;-2.0339796112426867;-4.432939716277817;11.019032216205815;17.6421098764993;7.277212229893459;-0.9552279172742152;-6.5658956626329035;-8.12251037041295;4.174699512779312;9.960355788364671;9.048498622286916;2.07535790614628;20.97425325809417;21.63572247001773;-2.388471482403065;5.356183779274115;1.5307475153828465;4.174699512779312
J2;-2.660732921248832;-5.1763690614697655;8.428969611915038;11.231934411485645;1.9383189515298491;-1.3785507449554646;-8.884417166582415;-6.819493305015589;-0.01768213470281221;-1.9296617824158924;6.7291894297956345;7.026116431631579;20.64736309792872;17.57646164157387;-4.198364012465405;5.473204949208221;-0.9455249896083706;-0.01768213470281221
J3;0.363858387260052;3.213500870244923;5.968246829218948;9.191762788621949;3.527925665021358;-3.2730624912305495;-9.743908033923963;-6.067994047883529;-2.332755678868581;-0.1763636336169938;4.846156651467282;6.837186990652078;15.580715037638804;8.332427642424921;-6.375131400816192;-2.790649167142234;-2.2471233976582017;0.363858387260052
J4;3.4067274011864823;3.047675970530994;7.1532791137518315;10.240612641471447;8.456667741048651;-3.8293975193452456;-9.340116154335709;-2.9974876450248544;-3.7960997261932694;0.4436115554991016;1.8095265589846752;3.754173697635399;15.284933174823957;6.76685985621357;-7.678317690752456;-10.600245077462043;-1.0074707685804762;1.8095265589846752
J5;3.142694254883694;1.0334416611712527;6.336884131484721;10.231269242979256;9.02098941432179;-5.879639807532966;-7.136471597814875;-3.1372286485441103;-1.4192953976879363;4.454834626222115;4.3302541702258335;3.9648169650546623;11.601214910818737;8.072447792541304;-7.0914853552766495;-7.92727743487206;-0.40339081036483426;3.142694254883694
J6;7.190669314982645;0.597737455904257;8.3153895470379;10.32793390615556;12.539926008820412;-2.1013522535504925;-3.765289292412055;-0.14150277887219342;-1.2781412149347804;-1.2162701470462722;5.342163868409089;5.490339993307258;11.999412031349843;0.7535811224538724;-7.550787759190403;-12.62452415086065;2.580422911798097;0.7535811224538724
J7;3.3935019269302424;-2.861012791726336;10.844627845731814;14.18188335243322;14.068718618310893;-0.3966328911364392;-4.012383477455817;-2.2416940686334264;2.7242461994545053;-0.5521986867875195;9.804911884814093;1.9143208583059623;11.017276780690487;11.858110817716106;-8.018929148307608;-4.202319948181432;6.580641522432673;2.7242461994545053
J8;3.372202992277562;-2.8767922348247987;10.684510042643748;14.15750268087974;13.988681813848626;-0.450672650397832;-4.001618449822608;-2.3026630444646146;2.743135633008831;-0.3643025406838252;9.976684713914308;1.971366184035106;10.963325864328931;11.971987161693786;-8.01590108140523;-4.228949517279634;6.5599148456788825;2.743135633008831
J9;3.3735408667175504;-2.5711492427082483;11.671502656313004;14.149345021899617;14.125053433971749;-0.601386630005385;-3.9612080213863865;-2.0787251505690607;2.2452022952282213;-1.690914862145887;8.182080103050149;1.9394707087458052;11.611281721177155;11.532006597550826;-8.364589587840998;-4.306773687324917;6.38002917952647;2.2452022952282213
K0;7.335024945311086;-7.235091035907715;23.43169120121904;25.810236781522388;0.34364476111448106;11.77886043900347;-1.0589169454459757;-3.2417187608326348;-0.00340703995932445;6.07013775143288;-1.9402484156729072;-6.1986801159261695;9.40777049795203;7.846392520345091;-7.673761604976104;-6.77163831717047;18.25586181157275;0.34364476111448106
K1;7.769145665441157;-0.8145574615388784;27.32368661542357;20.75239356991647;0.202183921883603;10.734202278193084;2.3996232274672513;3.5767622686524447;2.9026329764888947;6.6943551333566775;1.8679678286952717;2.21861652585007;14.156439835955602;9.269018106281004;-6.759790286164269;-0.17451660136443836;18.49552228456703;3.5767622686524447
K2;2.845071873738858;-8.844755318247522;21.737310164975156;21.73590400618235;-1.1970051939993789;9.542667095798985;-4.2627888910383716;1.5056426123187805;-4.064221771935495;2.4124009125719104;-3.3400489805793354;-3.903129021853424;10.280342387248576;11.749882410797753;-8.588055014612095;-4.565833604563075;15.497036420247625;1.5056426123187805
K3;2.83030944448206;-3.674205350573989;26.68886503911243;21.909113689465375;-0.01289149535833589;13.533651114393596;1.1338003916192108;6.609667378669393;-3.5494338138264414;2.4677223485915833;-5.338950610369075;-3.5560277859299383;11.308111849678282;9.024628291582593;-6.259227425070046;5.128494907118686;15.473106052771058;2.83030944448206
K4;4.654940422722942;-1.4464977569292992;22.321065470874068;15.52010405935087;11.175937770803124;11.96904189232344;9.583357490139832;0.7056349166509213;9.693726515389422;-0.1313875071315973;-2.4451119006874245;10.24134065650728;17.53569891584379;11.176779334871;-10.871597592159745;1.632924506384703;6.7473223571982155;9.583357490139832
K5;4.160955062223803;1.2249321331758043;23.89740522862953;17.769298084606213;2.7541131107847283;11.95091012815166;5.864027183255782;6.540171824576624;0.3023123428917085;1.4620534591331058;-4.33916326568804;3.831322778817059;11.885340565900629;7.765540585469744;-7.177103674846963;8.291394894327887;11.249385618128471;5.864027183255782
K6;5.557446320420256;0.09055091572627294;21.49488816150371;15.915615661817071;8.553610036794579;14.499992340238798;8.48627145400549;2.0530896821081335;7.581788684642632;0.03082875336186674;-2.354483985627076;11.93693496054038;18.112962276751343;11.9706376205176;-8.612340816438524;1.7464187390442645;4.552756201339658;7.581788684642632
K7;4.805642184630554;1.9419171260195431;20.916771733956764;17.024424612709165;7.269990580151919;15.16394594427477;7.139068692931794;1.0786288496917873;2.991213078338961;-4.646427057124947;-3.500975604832013;10.630039561777572;17.083135706055796;16.086534182729896;-8.700777365882562;1.890568575617091;3.3718165138491463;4.805642184630554
L0;0.8121502099365907;-6.027661559690767;21.9885413158583;14.352175168840464;0.0810499184522806;2.5512637111022585;-2.532034299024166;-0.6831602165049855;-5.677819464918277;-10.745353717780192;-6.924028119509029;2.765946932524499;11.597726547055686;10.008597531180442;-12.82114056926229;-3.645838195106688;2.6290153060114285;0.0810499184522806
L1;4.5648489691121785;-2.7065987109817224;22.945125141423866;18.41942590459693;3.1044210951335804;5.7624410175241225;-2.0420987599997886;0.6255447436372297;-2.2851732871252195;-8.935802985945395;-5.119141915459524;3.987510007600048;16.992477714611674;16.72177364375451;-10.351892848260402;-3.221119370154202;3.8866308121590087;3.1044210951335804
L2;10.138399941748588;3.959962088319835;22.845034294000243;21.87126370765169;7.23887871142459;8.606970578945505;-1.4211427338279403;1.33963483432058;4.496277991230602;-6.900938438673587;-2.16749620026101;6.894943998409264;22.59163783763114;27.099401447348637;-5.90395468649203;-3.771454043512057;4.533710903232624;4.533710903232624
L3;8.856012457643626;4.4452834302523225;20.091998166630432;22.327194152694418;10.576785385129453;12.112405900424504;2.8591697589569476;1.1053603403973875;7.2078051702132;-5.999710876655429;-3.4305406395793714;8.185975822782376;23.61987464603046;25.63955094527732;-6.560608826776038;-1.2593467981846571;5.53477741211148;7.2078051702132
L4;-0.6287440365327135;-1.91842994182434;19.67289595170021;14.780715456411686;1.5607348282231648;7.179254633964027;0.737402909687157;3.441317347403383;-2.9549656762261733;-5.981220908635798;-6.15023619427062;1.2706103763267862;12.979153715232684;12.74363372919336;-7.993585073802578;5.22621152266125;4.185575903370942;1.5607348282231648
L5;3.183281679973904;-1.294045544331457;21.59481631440068;17.527699647238038;3.2839540663247124;8.667824547723392;-0.11517135007613756;1.5000449506671565;-2.377608567628131;-6.943198389107852;-4.666588113397118;1.3450431723499356;18.617225908962265;13.49431021888574;-10.133025189783694;1.144091324229679;6.24924695365503;1.5000449506671565
L6;9.069655638515073;4.766610432069318;20.461360093613056;22.534626552026804;9.824832270207253;13.509482301691556;3.5656775436016197;1.1342593505187848;6.929838613821526;-6.7298565057923865;-3.5515036471582717;9.553731522172535;23.641173658007176;24.47680632317373;-7.009394411199599;-1.439202285304797;4.664638139166732;6.929838613821526
L7;8.217418656004538;6.1924828996222425;15.99663904770674;21.72395136537768;14.268753560076131;13.865298884392876;6.275590869414849;-0.131966411740303;10.39131010999601;-6.755709334710525;-4.267349830279111;8.6613885346144;23.327839815135487;24.492922139487018;-6.171951708702084;-0.08226017392795049;5.916684481018231;8.217418656004538
L8;7.598508200700293;1.9004724400803807;13.557470756639066;15.59510084240181;12.313735316294006;6.538756811663493;-2.0366360060398825;-3.124837884585008;5.761931351623217;-5.071171725925483;-0.4395867796776032;5.319534264676196;21.5417506925488;28.145630756499873;-5.637854774588291;0.5229036672725007;2.5948949530461674;5.319534264676196
L9;2.4678892555270338;0.7100105109997479;18.15176046478253;14.85382494652374;14.474723594459247;8.604231637568382;4.595446456177887;-2.7221139953953366;4.244788803286803;-7.00325488579171;-5.3637068838485735;7.641958507653546;16.008200519577297;18.303506266106105;-8.605165567539952;1.5946156057899286;5.7359288753855875;4.595446456177887
M0;3.0853494606124965;-3.5110620588522545;16.3272792257259;11.316566445825217;10.851421517574568;-1.0172518625314542;2.4892781135716913;-4.695058335837199;-0.9315033229831182;-4.576499797402478;-1.4897337427035806;5.217641370449644;13.024996184731163;9.181333469140164;-10.358698373082545;-0.6668708227473119;2.626499156120632;2.4892781135716913
M1;2.1813538894990048;-4.341213970358471;17.515794420665863;13.067161244774429;11.422511288970515;5.2088355242985385;6.316487693022443;-4.726721487367458;6.673335190148877;-5.811416194906071;-6.124162010153977;9.114523015588126;13.157270949625689;16.85068720921532;-13.14787073734961;6.13476865582967;3.274214637967754;6.13476865582967
M2;2.3386026588518405;-2.9898721357114244;17.474648403927652;11.498842383676244;13.324917371307766;0.2396679871860874;1.2821696027614626;-3.8767416955139855;0.4158591570036396;-4.2386055696290725;-3.603922762867629;4.559321989946508;14.292705434638007;13.9904646228292;-11.070795151037716;-0.8044962197989891;4.864056373173331;1.2821696027614626
M3;0.9337735088186472;-2.757929222506428;12.951072045685464;12.724802627645104;11.790936319830193;-2.639822917525181;-1.929972679188463;-5.343273400903604;-3.8204984359118455;-4.282670534598266;3.607436138787667;2.513291498670456;12.773998585268398;7.17725916406422;-7.262669249180675;-1.9678619695012167;4.054512878440475;0.9337735088186472
M4;2.2399036587533727;-1.5480985166380856;14.699966680582357;10.70240400196958;13.73564597496717;-2.212939768544653;-3.78505299944536;-3.27490131360586;-2.179423183001128;-5.594010584369369;-3.859586435904871;0.4603761033104448;14.006659827268496;15.72338328972398;-10.535701972665931;-2.9905370324199376;5.663203364786984;-1.5480985166380856
M5;4.025649686800348;0.08679030044274061;12.31844888076219;12.389320279327688;13.28340927092344;-0.01305168440812742;-3.533248703834413;-2.770394997486736;-0.09526333402409826;-4.784972117251652;-2.1381017332899432;2.210716908717858;22.31859192612935;24.10297905622427;-10.331128243726484;1.582341048403646;4.159450175017532;1.582341048403646
M6;3.634883029508429;-0.8422650137680399;14.80075715451612;12.044614575862544;13.007192850835647;-2.500891619297052;-4.663247297883844;-1.7275195945092414;-0.34825020013251606;-8.204184080896326;-0.18222426162294303;1.308624516580026;15.425773736762483;11.513837673049276;-11.046412543488726;-4.9591313621316635;4.807036040562829;-0.18222426162294303
M7;6.672175517941592;-0.223414865874505;15.36759464175208;10.47141688408253;11.774184257978892;-2.022739872366397;-5.149837061703888;-2.570411161783881;-0.06781002997472418;-13.291155105110589;-0.6764190744102172;2.795237748756918;17.56097986038505;10.63285896389965;-12.58773132292854;-3.899967531680526;0.7067418160445538;-0.06781002997472418
M8;3.739498795629226;-0.3873946900381564;15.8807961388977;13.978227756203498;13.451800780856926;-1.3353881616423369;-4.088552073254603;-0.6346535587618107;0.5583029354610414;-8.64762941140691;0.08179737399551801;2.0384672342836696;17.58379059928863;8.876298434809504;-11.629487533362004;-7.171600231009045;4.530095255193478;0.5583029354610414
N0;2.3730198818460835;-0.657197180713287;15.388111112923264;18.016349103054363;14.969034905112856;1.5448062725052392;-3.451584726253576;2.891905503479286;0.446113165658546;-5.061069426194642;-2.0112127939413083;6.41994316822645;27.946904757900892;6.659447495590931;-13.464446908590311;-13.2557981488283;4.444513022442487;2.3730198818460835
N1;3.195695328073666;0.4064075580256121;17.786194945810287;17.642579852029773;14.988488572364457;0.1022048096279038;-1.6516004673703844;0.8270291168218868;2.011058825012846;-5.616092291658504;0.973566224347544;7.213355044439584;29.359868222993903;5.456310494371452;-12.681651507054648;-10.202235050279516;1.245447340561601;1.245447340561601
N2;3.864158584212407;-1.2918508673157802;18.974538033013655;17.14142626058468;15.256414009944884;1.540314809553034;-1.9028840184021176;1.94440203825772;2.8080141478874276;-4.95202968194941;0.8773021654870927;10.553134631264992;37.04612192871038;3.93918049028823;-12.31603373931356;-14.666022802105594;-0.01447380828166755;1.94440203825772
N3;6.838474368770675;-1.2388995098685185;17.53082975103468;12.738907182882908;12.645373498072754;1.1580175225146094;-3.654108433351322;-2.2270867393814897;-0.8583831022432764;-13.212751916586074;5.037405659269467e-5;5.401251522154471;23.60389471029687;5.209367812214083;-11.15160489216015;-11.502752292240114;0.768540726283029;0.768540726283029
N4;9.247103161992086;3.3517045124070277;22.572482995078524;16.180487519943853;7.222677305238867;4.733313381108228;-3.5672814495884775;-0.633821253487421;1.5810233764876669;-11.296473125404392;-1.0046482186100048;9.067847904129955;23.562296604201105;12.89568906112233;-7.729218502755575;-9.373069074009733;2.056042561570681;3.3517045124070277
N5;7.653699479491971;0.5002001692495872;19.02906644395317;14.067151066241612;11.649138264722293;3.1417292506989103;-3.477406063506916;-1.290376597418097;-0.43354549341825255;-13.259863950041783;-0.49396848050858866;6.6409749307764;25.6070321066604;4.632856151074738;-10.74861914133839;-13.000640750071856;1.1860978871386374;1.1860978871386374
N6;10.17417562581404;2.5959560350619526;23.60174314588892;19.484025654432525;6.643098702159045;5.441459700859719;-4.258264580752202;0.08006133161351237;0.3031835042032638;-10.578775614242886;-0.43890440084553006;12.802193129990048;34.562381945145674;11.230489660662336;-10.007546614806738;-15.39766777934286;5.82254312335253;5.441459700859719
N7;7.140496266770824;-0.6639670527750829;18.052452963654495;13.17006485425136;12.32225164686913;1.8244312407983856;-3.622454157927746;-1.9222500263607056;-0.7721484789756095;-13.308656605540836;-0.15577633180985373;5.861115953812668;24.344709555657772;4.853492305603058;-11.052746885599827;-12.101870786618662;0.9149878260176214;0.9149878260176214
N8;9.608804162356144;1.99686909353638;22.519325773459546;18.909371304996412;8.210119451582365;4.98652659205141;-4.24969098625696;-0.10625027808445207;-0.19005476519767803;-11.1947275538126;-0.459049604744588;11.417911889047438;33.81525336930733;8.699638373805541;-10.530047095133266;-15.876239402364112;4.688061917481567;4.688061917481567
O0;-6.579315482331383;-1.4369486717685898;2.1864925052696993;-1.3544234448866876;-8.571372096079;9.90533434166565;-14.694498021535818;0.6574401031058219;-10.768136454553757;-14.000163322276835;-18.13866195771807;-17.62250122918928;-6.722342609073539;-4.237674675853631;-5.48178918974852;-6.004946379912745;15.236825406763057;-6.004946379912745
O1;-3.254258425593348;-2.349806017627254;0.26855446176454745;-1.5525016738440869;-8.676629143364135;11.434886238330666;-15.509803696737457;-1.064568828019663;-8.8231714394510945;-14.82904365860236;-17.95883330121113;-14.557872657383909;-9.955615807118187;1.7996109677671512;-5.17921677665516;-6.856187905094002;18.080200827075423;-5.17921677665516
O2;3.038264757890241;3.7074068619380895;1.8077722601090416;19.287996453087057;1.3661924783368915;20.5370252960944;-18.05500381645707;-2.8374395543804942;-10.59142748866928;-18.15788953566788;-10.277935365364389;-0.09849538327111328;17.396205053566828;15.732993132920225;-17.786111449618446;-9.146615821000193;23.214165661409343;1.3661924783368915
O3;9.38781957993584;-3.842459460515124;-0.3232642064499469;10.012312773128595;-7.200249538429803;0.5981527412744159;-4.8723206161704;-0.2466390025703702;-5.312956695235382;-2.303517843886216;-4.735456341445454;2.129189980908408;6.001441089384096;7.908688877930126;-11.646891425115369;-15.246041803680278;7.652575862592603;-0.3232642064499469
O4;6.15555866325157;-5.373060655049356;3.9305197167305295;9.95139902131892;-9.790643436045675;4.287249454490505;-9.91697929030302;-4.1448431076060555;-7.306399651717355;-10.666984270694948;-15.541105010806666;3.373177971010133;12.068622215472049;15.07994637758616;-10.923401778848564;-9.33516007780032;11.25218419255236;-4.1448431076060555
O5;2.4744330760865907;-7.087387572421466;17.394447060501438;17.228561367457473;-4.462392205819721;11.934749230831642;-7.819389809552835;-2.8820538123844996;-9.22257404156589;-9.155294705531002;-10.229590207615136;8.331807728518491;14.378029747044696;12.661513895011044;-13.144572223957695;-12.179675489743955;12.2980772883595;-2.8820538123844996
O6;1.7781701493244428;4.89406069157976;6.545377603746516;25.086565637731265;4.498417540163779;16.88454489326641;-15.090875973040053;-2.3758290713936203;-10.77546332938043;-14.323160949470248;-9.023333576998985;5.186388641918338;28.128768490572178;17.04042044102001;-17.176930022847927;-9.314794530023915;18.35379542617137;4.498417540163779
O7;2.0357477029396165;-9.773210585848958;15.187901143253924;12.290183934388343;-4.745755782615491;5.556976135308478;-7.269153169406762;-1.0038510037097326;-7.572789968105753;-4.287582196634421;-5.293476590388679;4.664476146528984;4.848151489231256;7.2211639664401694;-13.392484804112792;-12.302469462659015;4.157971794958626;-1.0038510037097326
O8;2.36887593491788;-7.110178454149285;20.25013748566431;22.27853074166739;-2.11026234693682;10.98917243514721;-6.5407272385992865;-0.8853506778586762;-11.81675552587408;-8.778281278937571;-7.510110456609331;7.384792802126672;14.50654656926378;10.278472474560374;-11.412880867446628;-13.848761813871446;9.714923686956588;-0.8853506778586762
O9;7.337899535949877;-2.331880495976768;18.08699905840303;27.19220973498022;10.841311594159286;6.5153989230922305;-4.862922777309741;2.0451048089376256;-9.408766560826198;-8.393222996681748;-7.04898566583001;8.631110040729473;34.43720145909983;18.808681024458764;-17.7155596079131;-16.318465271456027;7.300709135816419;6.5153989230922305
P0;-2.1513221029162644;-8.065517094001805;18.399510740391054;11.840450829542792;-3.9210013397387167;6.141603849868815;-6.761259907044847;0.45027905890784314;-8.192410136146533;-11.840468763943669;-9.660695681341702;-0.5809926160225909;7.36658853373704;9.436842749117623;-16.278419926879483;-6.1140542834866585;1.836323590763178;-2.1513221029162644
P1;-0.9353633874582878;-6.58393524695029;19.52992227980628;11.19261801103304;-2.922491804677385;7.673180880644059;-6.469980008995158;-0.25967637602919424;-8.613072910992326;-11.29814283085051;-9.825763222794714;2.7504257159847167;8.519230830484714;7.278978554567295;-15.958545209121755;-7.965663948271995;2.346056587254486;-0.9353633874582878
P2;3.190039707600123;-6.872688096942648;23.852763843183578;22.075729655114017;1.3735165429862084;12.35021582876341;-3.866651948328182;2.3155039381318465;-10.25978170634546;-9.478400443956192;-8.458957796028388;7.040367048665375;15.29820012768539;8.035024133887813;-14.123006821719065;-14.111171687467095;7.091526329532316;2.3155039381318465
P3;-0.5011867739175169;-4.756287485199473;21.991446882871713;11.057966483600712;1.5251201577525686;5.077430756344259;-4.342398805725689;0.5636641983910007;-7.520022325216946;-12.090548723155614;-9.29408220547453;4.55220316775784;10.205592507825331;4.107586945855912;-14.612731580585391;-10.106294830938744;1.7227684394298004;0.5636641983910007
P4;4.9479699764677365;-7.09176566897034;27.06157982678863;22.772372976881485;5.938840109364674;12.361538626916024;-2.9511740176856205;3.5561162266338098;-8.503290468098568;-8.285114705297635;-7.981622596327831;7.644680743090482;19.070771509281915;6.908347973010498;-14.72341501760549;-15.255779154253013;7.479515293508143;4.9479699764677365
P5;10.417190735473003;-4.009320093315816;27.573046697668868;31.05931236931487;9.678543991996102;10.25768706968142;-2.6056945109090734;1.0763327450828308;-6.415919268931692;-5.838150622400806;-5.258297439133763;10.526066711788108;34.50924055475131;16.109313111584477;-17.563303471917248;-18.000164055140843;7.483661621990123;7.483661621990123
P6;7.781615995446622;-5.732617668975292;28.420637592370056;24.725017371974324;4.375394068352301;5.801644557701668;-0.3442527745038504;0.83498568231927806;-4.922936399201672;-5.063484321083456;-4.087194150640294;8.690621163452516;27.227235296225928;12.280048243318276;-14.417202153945274;-11.65753494247732;4.54158957937596;4.375394068352301
P7;11.94379135636543;-4.60557384432615;31.15327965812702;29.249965768627103;5.769208917392499;6.380836710387761;0.12392795418050272;-1.1500179415598222;-4.440361619509947;-2.56602540324653;-1.4060402866488353;9.629988357133469;34.56362837247673;16.846664890996266;-14.005202569589326;-13.95879968079523;6.1749170029453015;5.769208917392499
P8;14.080439545220136;-2.9321526133089804;29.57322549134225;33.19485826775384;9.751092948232577;9.9912353527986;0.0765775583018602;-0.34370246880571775;-4.636756221937521;-2.4092795005333345;-3.0013227956985467;9.659789180339384;39.40820792632296;20.11904471782353;-17.066075396471692;-17.44128981639782;6.622344348536702;6.622344348536702
P9;11.421537595182365;-1.6738465265044078;26.265718452519415;29.722456268690788;9.893584685857215;9.855152284052805;-1.364488246704454;1.0557737170064474;-6.207409942142894;-5.274401881185343;-4.849527153790412;8.775944206600528;37.41863462050428;18.73204734055305;-18.377515070407767;-18.693042574933173;7.3644567564875585;7.3644567564875585
Q0;-7.24511996079732;-0.09346362428308552;5.388140667731101;6.851514927112623;-5.0990449545480825;9.4993447006706635;-13.743201942729632;0.28841661085354797;-9.485355911458072;-11.936937597220442;-15.015644084417469;-8.529665478709891;9.641530248844552;-1.5213248065097609;-12.132103329092892;-8.634109267203705;13.209000670500837;-5.0990449545480825
Q1;-5.485002109624437;1.231331014325865;9.079617010906826;14.679527700721165;-0.701738350904968;8.130097695698858;-14.20146528135211;-1.8899625859965183;-9.173001619517574;-12.939237658344272;-12.11443835717626;3.2899376268761493;23.880239250846703;6.059644415066878;-16.294146228773677;-11.31074222842463;10.827387244481002;-0.701738350904968
Q2;-1.974018005874445;-0.06917707289028074;13.834648305225317;21.2253051803877;5.7903163936500635;2.856244371676953;-10.22318599306602;-1.199554376112666;-7.243655735731769;-12.06971328775972;-7.509504615375152;8.600086430039644;28.17908492799386;13.128661195580849;-14.194986565465095;-11.130242031030646;4.7194737656874874;-0.06917707289028074
Q3;-4.981969204225722;0.37315697250681623;8.882470884163563;14.371843981754196;-0.6908347172771445;7.594964926168868;-13.521270537802632;-1.9279478538301809;-8.94107526832203;-13.28059580885217;-11.51494088555264;3.1841997522749077;23.80208331357028;6.599402563770629;-15.856300439496897;-11.569333486392974;10.428827694994848;-0.6908347172771445
Q4;-10.386576441696771;-3.5595101507898574;3.1401434378851567;-0.1132830872684898;-7.788340978605401;5.91789078677416;-11.343367703505567;1.2940916535703062;-8.858675864162823;-12.723808913007073;-18.53461006272331;-16.125706356556645;-1.8709515062737216;-4.500772988614021;-11.100442152529345;-9.831639158442515;9.835834186874305;-7.788340978605401
Q5;-8.82900255698491;-2.0838788173711764;4.152460169579131;4.135193572459883;-6.489355722328205;7.261252691744846;-12.76009135355466;-0.04942957337332743;-9.75247161329873;-13.004114447288972;-16.203363614355126;-10.096709865329869;6.1359200954749005;-1.887334400701457;-12.706140651031095;-10.693358011141584;11.347342389903735;-6.489355722328205
Q6;-7.617400866152247;-1.9968821814025373;4.065653402080005;2.9821656453196344;-6.055533234705878;6.521004225623717;-9.52989760185191;1.7378072156175597;-8.790623929197427;-11.14316265154407;-14.12866139339708;-12.813920460670348;4.649129485066661;-1.9267265462495575;-10.312063892219667;-8.775422094990992;10.386372208845462;-6.055533234705878
Q7;-7.571962442916435;-1.960427067923021;4.083046493001907;3.2724218916152736;-5.982787133097656;6.651135428994692;-9.711942056088906;1.5881455950052858;-8.847683641147697;-11.100533274969028;-13.946129711455413;-12.396598492639187;5.166911258631801;-1.8333663813674184;-10.254769491108428;-8.86129925570236;10.56646723881376;-5.982787133097656
Q8;-6.456707853845156;-2.544516635893479;5.469736233229017;7.470637517277501;-4.663071841725596;9.451039269670323;-7.888340203083166;2.5785735539896715;-6.143886407985888;-13.084735871261998;-7.584834087130998;-7.461007293739219;13.147609309928333;1.9882632160271416;-8.291538722955705;-7.665947792597372;11.49985447083628;-4.663071841725596
Q9;-6.449061762114338;-2.5421221653875503;5.427247441896643;7.434924289553302;-4.660732262146061;9.452038925572204;-7.813356432202435;2.645908064000269;-6.107178161266303;-13.022553924176306;-7.559049976209953;-7.596230377238678;12.989113896699568;1.8874052714140443;-8.194021613644264;-7.592437322401868;11.476667005599817;-4.660732262146061
R0;11.854844820908353;1.7445456844913387;27.42502963264384;25.254410829829908;4.756567263687672;2.255863303314154;-1.3573811621957366;-1.7450553064769947;0.4300450369953968;-5.639459533475533;-0.6552094258797103;7.307706581114459;28.39679767902197;20.132019288435153;-8.4635755689764;-10.372403711254064;7.700078578568292;2.255863303314154
R1;9.795872494494096;-3.9181886302773528;27.0041193976269;24.71962266602583;3.396160718571206;2.9118122944487013;-1.3434098808695727;-1.5197610892378477;-1.9402063454650564;-5.76124274072961;-0.29871831392570547;8.268778985459925;28.703240822397746;13.348282652694166;-11.600958742605703;-11.258002359285346;7.373136278802983;2.9118122944487013
R2;11.74153170873835;2.7628917821145293;25.717656444402117;22.630158041907222;4.682304866164033;4.431568454817492;-2.847732922858437;-0.20873030943626691;0.857582828668213;-7.8400408703168445;-0.11662849011655484;12.798160343022436;34.154259711140476;16.82290146008527;-8.850935227401902;-14.138375150879035;8.24408977202371;4.431568454817492
R3;11.883318071135497;1.3725749652497177;26.254982971079887;24.11332805591431;4.6962297796868;5.247923749920869;-3.20968230339701;-0.2608305467080907;-0.35532475502674243;-7.570524133326417;-0.4512677806781551;13.01034622421964;37.277763390625275;17.110240928167507;-10.704196531875288;-16.02913225275534;8.847559568499497;4.6962297796868
R4;13.955562902744422;-2.173038373065561;30.55153930212693;32.52106765920346;5.294130495794636;6.728487539957939;-2.452309151752152;-1.6486214141047784;-3.2394062911294985;-3.799339787973799;-1.7046036058630198;12.215934779688896;42.158204443696064;21.91151425953428;-14.65149400207022;-18.858332723357872;9.485778776590116;5.294130495794636
R5;13.122040561402937;-1.41029280911239;28.787782201313465;29.736357767516665;5.050265362435846;6.5140056321636;-3.1636216403063133;-0.8072578708825273;-2.7456645500114396;-5.400380372275626;-1.2846396627375856;12.156297689589234;42.398272696246586;20.451002538101015;-14.059629775932567;-18.82834435767383;9.648337982590505;5.050265362435846
R6;10.629258985316214;4.382446926870576;25.186732025739374;19.261024191581043;4.223418238995835;5.1292425015992515;-3.8244410190791944;-0.08417466853061217;1.638286913927267;-10.319687128843336;-0.6821382852551405;13.569086935533692;32.1300426459864;14.007822536367096;-8.48051607543876;-13.741109935812934;6.400626967806211;4.382446926870576
R7;11.353999823055716;0.23539095083850992;25.607509018405583;24.16109423233708;5.257501533839859;6.514756253451615;-4.841928788817496;0.8122566826623601;-1.8520145192333135;-8.601931938481023;-0.4932517058036545;12.487597949680996;41.08929929717444;17.23546260743025;-12.677957384596684;-18.02906938412301;9.007493742336711;5.257501533839859
R8;10.678533317575312;0.937543730743351;24.56972732263292;22.075391540528464;5.551914788567469;6.643976105899885;-5.485008451700979;1.3024900757029778;-1.4908761677366322;-9.755499380907008;-0.2414389078797874;12.802542004512809;39.84340404665545;15.920420694523862;-12.018562869537275;-17.403879830941115;8.392043488058132;5.551914788567469
S0;12.693328845327944;-1.4658511297395926;27.876580918953884;29.27873427664258;6.137943872418328;7.066624859436832;-2.718350549161197;-0.14304972869613186;-2.7700621547414483;-5.434346038828009;-1.886102750073848;10.443939296741256;42.13412046109444;20.255666971726825;-14.93556436429252;-18.668446773611024;9.19553160552673;6.137943872418328
S1;11.518418713916256;-1.396275691870752;19.975549479877763;29.436058093427285;12.364560999584828;5.82608590154674;1.3293000368543195;3.895318204939091;-5.946821627431298;-6.746688741600726;-5.766566756657254;6.151950360471403;36.795672974582104;18.79173080544114;-18.036275264185008;-17.771951490668016;5.931358285486654;5.82608590154674
S2;5.239842616823376;-3.3516402049142524;14.496122832793093;22.941593597185637;8.560504771653443;1.1790278806635524;-5.81725529453464;-0.07500215855646974;-7.850274675969393;-11.536697135807383;-6.733103077614356;8.551435688902265;28.544096446907208;15.896035568847378;-17.092840125651744;-13.868456836578646;3.337449281277705;1.1790278806635524
S3;7.097697740159226;-3.7174517304565335;14.75568959233724;22.781744280937843;8.968016120676392;-0.4198803603183143;-6.326684656698545;-0.2378947150786459;-7.406809825490479;-14.123427174279124;-7.2097773739811295;8.695823877929465;31.56157827899044;15.607882382924387;-18.055095424655775;-17.479701771629298;3.800516726855818;-0.2378947150786459
S4;0.8710866103406101;-3.7983682304479793;12.70882522904646;18.203038202232506;5.2139702305701086;1.184362227828761;-8.765201812990009;-2.314292906110071;-6.887566480870189;-16.254262177242428;-7.823281533737337;5.677250154019298;30.145095347658454;13.2754818274051;-15.77811510820858;-16.263597428915833;5.679686035121634;0.8710866103406101
S5;-6.373187549929837;-7.251189461387108;2.7838247019234874;5.8147860087562675;-6.618003838586195;10.26546160152102;-5.882614872507852;4.581827253068371;-3.4561670165096037;-18.27744063674588;-3.4518742356093868;-3.7657373766779134;14.42353086267656;5.849831865069066;-10.985945993242796;-9.849905357187636;14.05169454333095;-3.4561670165096037
S6;-6.438703923086953;-7.304515775348008;2.6375834409937404;5.66814237959814;-6.746586728975402;10.378437244234572;-5.815579911767177;4.704563771315851;-3.396731133304076;-18.270393706761123;-3.3645938400352793;-3.9016083025454673;14.20972900194566;5.729517089201908;-10.893301903920683;-9.7455352258351;14.149896394336016;-3.396731133304076
S9;-6.492974048299027;-2.5140278793973736;5.322950025295992;7.328336879407082;-4.726582808536472;9.52595246365606;-7.746406058000288;2.750305554580512;-6.077219028298575;-12.907135757541344;-7.546597813773237;-7.825074809754639;12.70880409403068;1.681216028995447;-8.038541895963325;-7.439223676378825;11.499664909384144;-4.726582808536472
U0;4.146348433764757;0.6186447901721293;21.854455427986583;17.843054510431;7.9778935961723585;6.865087953173932;7.540662953602184;6.469816417334373;7.910452814262858;2.0061650778131934;2.8323398574887415;5.873590753271984;17.60324735489931;10.820007597101132;-11.629209971939868;-5.947016985796583;14.660695452101336;6.865087953173932
U1;4.9966614940737175;-0.9749422907931348;25.721100315548284;19.20563812697833;7.480446987755829;7.698434277294286;6.112681695925026;7.57821643467067;10.471059267711546;6.75502816177409;2.6751800110969004;5.443806133477502;19.72668641521407;12.98959272631086;-11.154077841805066;-4.644531571144639;18.04479078616883;7.480446987755829
U2;0.14573163942710465;-0.09189226574655152;14.475187787045174;7.7574303516103615;5.66257484266961;6.38252932570369;0.8553929518246184;3.0966907936757826;6.215095096523315;-5.504901940912276;-6.042350616944814;6.412003304265634;10.602223266763344;6.118236451732417;-14.315420254367272;-2.789979997627867;9.33567723894777;5.66257484266961
U3;7.648027483252839;-0.5622950178322705;29.48788181207782;22.606044208294797;8.179196478366958;9.207536693854612;4.092649516404667;4.110673861466552;9.950078625443949;8.11111002871292;3.460287608067736;5.34450442899832;20.70486407201697;11.545530844450402;-11.017301427787409;-3.940476227167355;21.284853378437575;8.11111002871292
U4;9.07275246281576;0.9466545280603976;33.79544414801856;26.8897008559545;13.027784210927384;10.4266742016081;4.684440949289259;1.6786658168999935;8.040794267529684;13.705820779286393;6.889408779685491;2.391619190248684;21.081375787142377;10.769254834614372;-7.768399411594695;-3.025305593238403;23.13455040538097;9.07275246281576
V0;-2.8013383476974463;2.2836252603516183;8.27287635895928;-2.0458691215959;-5.1487849027563986;3.219972145339689;-1.3759999961730496;-0.5542484928564906;1.6043623538153362;-9.33253446187944;-9.895637236707168;5.486684565410416;7.07408069631259;11.130465500478891;-13.271379043426402;-5.368510022738904;6.9360719227645085;-0.5542484928564906
V1;3.4599091291199757;-0.11931680672545576;17.14953498744789;7.786452762706997;1.9376806250700485;7.59866159736533;0.0748559824264472;-1.3317842791960577;0.8755497540373636;-7.760661097206589;-5.742380381117796;7.422576528345903;10.518892814222404;6.889736403052904;-13.986022882430426;-6.633960506568992;13.95407140577869;1.9376806250700485
V2;3.214549900495367;-0.1856088750046836;17.748125591141118;8.913932281690329;4.513015075430582;7.952262964827184;2.8513800533525036;1.362065043508065;3.5680346892508874;-8.885181651638074;-5.761335531565059;9.106225061565109;9.661707997191884;6.005490985935036;-14.074326300420491;-5.383568881270351;11.205711821988196;3.5680346892508874
V3;9.43081915188817;-5.393671078613849;31.98053073787066;25.643382593732333;6.8632407944560825;5.491303229932498;1.215770408461303;-5.821346327406351;0.3809465961413183;8.314106184973614;2.558282999699246;1.0706383814071296;17.67124022018447;6.659640313107551;-11.752975432872514;-7.146552150478813;24.35645995010738;5.491303229932498
V4;10.475528706295446;-1.9464517778345904;22.504145387450556;20.32521352682817;4.828034464173392;2.236686595005533;-0.8944203672490936;-8.816277808528339;-0.4984458987844942;1.0729116251641857;0.9329587390124684;-1.0119132361693597;12.99731532755246;4.846414890322914;-14.26729806574334;-13.995821023484543;18.625844259499335;1.0729116251641857
V5;17.091734931542636;4.546012617976958;12.105036443420891;14.492292395799431;1.491694685149758;-1.0078309391277518;2.2820904955643373;-6.236931310967886;2.3327039046690423;4.875344423889705;6.310836266338438;-4.561124294262786;12.262843998812569;-4.038103267827253;-17.604790830235128;-20.21947539058534;19.64570956308702;2.3327039046690423
V6;12.725742684771824;1.0734174516182635;28.06701992444729;23.49623216890344;10.74953931193383;0.4527595463646339;0.5113596198718096;-7.36627128794618;-2.7189295990405316;1.1240193103092544;2.4638095768769075;-1.8726103330154895;13.313338030572442;0.26750209157639926;-20.493659802138215;-19.77816708929454;14.54893057994675;1.0734174516182635
V7;25.53315555687068;7.91827356366317;-0.49416110992127615;11.689862177137966;-0.8333651593247282;-2.0174574552484836;7.944809209790016;0.6631893280032886;3.309003959009016;8.904336168907623;9.46734940135201;-7.176721301782473;16.281931792180472;-7.480992980959556;-22.654904492859572;-30.56439912806485;17.941270433178126;3.309003959009016
W0;-1.5704899024502894;0.3501379477359512;8.681415418286909;-6.619002631335203;-9.833118529107844;1.2360439456427397;-4.050719599593277;-1.0349130217208624;-2.388068011614719;-13.705813325670055;-14.784204860224447;3.5795770483352922;6.959640727963379;8.414740849465453;-15.805941500590448;-8.350733978957736;6.291926809403514;-1.5704899024502894
W1;-1.2312308101868674;0.10857429576425216;9.03830305374167;-6.276734517656257;-9.489312201982791;1.3528679862990778;-3.989002274761988;-1.2748776713671472;-2.354512015151744;-13.490928657828947;-14.669975871752971;3.4147307738544352;6.836849955018542;8.34323829343151;-15.421152761564615;-8.283548055637347;6.7992432163379135;-1.2748776713671472
W2;-0.8297360791412411;-3.3875933662289137;15.491912490666792;-1.2167695335291495;-5.582075363114781;1.517823704017096;-4.62996898317386;-2.4404919188989793;-3.5261246476134267;-11.725506844669054;-13.348674762278234;3.7855335951536784;4.247910270993249;10.361103466855592;-14.344101021384192;-9.584906815733806;8.95584203767279;-2.4404919188989793
W3;3.2566123564607974;-6.027355759207098;22.062849095964985;13.43211487211342;0.7726862588568473;6.065033348240778;-2.6374949249741375;-6.465709627934146;-0.5844256035714923;-6.719551501458021;-6.995374098360275;-1.0628575222298209;7.167121824758538;7.906717289846399;-12.609819645602116;-6.04101934216118;19.23167229184022;-0.5844256035714923
X0;0.9813953922726216;-0.8912637389851708;22.280932851629377;1.6042613959728946;2.8202049299829612;-3.3260564278342564;-4.846776782243756;-3.0425688770608916;-1.5695775097963272;-7.798256242735024;-8.990209850583797;3.131935376395889;5.97217964650012;1.8949340287707008;-17.838771572413613;-18.015101271161484;10.854873550910394;-0.8912637389851708
X1;6.006868142748889;-1.272159711442522;26.135693025990857;12.716596524438506;6.7361556321948735;-3.190300729576767;-1.831406436985883;-5.753550650140038;0.4168562531666975;-4.575070682191152;-3.4781373695732087;3.163174118031842;6.5528890575440535;0.5115953439451593;-17.950279398702317;-18.220895930429215;14.499394171867074;0.4168562531666975
X2;5.749324805994638;-5.867673057133227;24.868888697940218;6.8069606888188305;8.487597494142385;-6.485355344816634;-5.098430832388889;-8.96148500380104;6.0229574881488945;-10.296017885509478;-5.832205858682515;-3.676055973229153;0.49389000946240547;-7.065828471044022;-25.52742347540776;-20.98527466901039;15.790697077078054;-5.098430832388889
X3;13.918415214402756;2.4795573889919487;28.744853260497916;21.995043942095503;14.99441338873153;-4.3858287054234335;2.8721889013580526;-8.183387051390179;4.963068331923615;-0.432808774882365;8.147835610654287;-2.824658149287085;8.229194399476935;-8.18520742551404;-23.63627968990376;-25.8202842211826;19.312445593805386;2.8721889013580526
Y0;18.82448233821885;0.09778736018979384;-30.847007533978964;-4.400009002725458;-14.884533300532809;-1.8210664469163085;-24.972187743435992;-5.327523388953647;-3.5755149402769137;-6.266036635010042;-23.19425558832895;-9.247825252516506;1.4256241314932527;10.1208718580285;21.976137517537065;-12.754436539847848;12.779392995362285;-4.400009002725458
Y1;13.051892284709442;1.7467641426603508;-22.02047254838032;2.160673828789617;-12.132613567317163;-0.8195943561993602;-16.04809182393684;-0.7777078863900666;-6.725109017763476;-10.68796379896183;-16.10880991771474;-2.0711324903398887;5.476956878532868;8.771962963389267;7.982826350218675;-8.998924540289277;11.864391422871387;-0.8195943561993602
Y2;27.167690380602316;14.78905940567352;-23.82573007364498;4.17632156316059;-10.934072413284524;-6.623123542064047;0.12654491453525374;4.595713749783981;-5.877970038797098;3.810014620967106;-1.458037101444254;-2.7359563940490217;18.021337068707876;2.2567030110717923;-6.735163204513983;-23.0755765064251;11.789152433203531;0.12654491453525374
Y3;27.764722696207578;14.121307510367751;-17.21225511357819;6.774628751228073;-8.497217694062941;-3.644538982925627;12.170748914748186;5.322894521115051;-1.3291652113845642;3.040493547828671;0.43744958963556346;-5.234676619966361;20.622996247390567;-8.655848693244572;-20.79365063831925;-33.873467124784185;22.974308306675397;0.43744958963556346
Y4;16.27860137447772;5.10547824118035;13.930339685249416;12.744760169088032;5.255510574560729;-4.886901846749881;5.276462642264135;-8.286750170900593;11.074732615226669;-10.571827753481756;7.856678766584491;-10.341801813654182;11.976462178164704;-9.92707135661638;-24.16339341637751;-24.030496150572077;18.521957253982045;5.255510574560729
Y5;13.547905715679276;1.6009941713863496;16.350431579396506;8.717453097566374;6.6584065820597615;-5.94715755958144;2.54575008960245;-11.75837987463051;15.795576896550756;-6.82588667076457;1.2397852917068295;-10.24212990759218;6.013233757973269;-9.254719286646909;-22.047696451932573;-22.2579349190003;13.717899770693553;1.6009941713863496
Y6;4.6706489528842265;-3.8299241147082057;19.131916512823445;3.827442111828727;6.752790445305701;-5.416259835556403;-5.361298969186235;-6.404376394288636;3.000768969545198;-9.927279613936523;-7.4231468925750494;-2.6634278573574033;-0.5177677067572106;-5.778189033982073;-21.612831373937745;-17.51125913130389;16.675116374728383;-3.8299241147082057
Y7;2.635599758148466;-5.805304746791884;5.02597648374663;-3.664510848946811;-5.34515335029665;2.0029481501562474;-16.060947928675528;1.271971007069839;-7.8493937521112;-11.207999416755342;-3.916801411171445;-6.097613633976784;7.789671676852006;8.626010339924184;-7.090491190496085;-5.314912210659339;2.0513109002062713;-3.916801411171445
Y8;2.6365162512277385;-10.32622637790146;7.996254182979601;0.12364208201525172;-3.1350844845812187;3.771237733244126;-15.040084780285422;-0.2598672604502861;-8.920228453256652;-14.6501462134054;-7.951008568644102;-2.437341848038632;8.442813333001231;3.7454540329450614;-8.590751356364079;-6.766913554381571;-1.7235266744015876;-2.437341848038632
Y9;8.504298361451767;-5.464379618290205;0.907070625342099;-5.812798119838725;-8.931597276083291;2.700194017780322;-19.66596232481812;4.312389180092624;-5.972960966628882;-11.611069184429867;-3.940870447854805;-6.8611050134448455;5.408622460152168;4.433593830779969;-3.689827390305645;-7.762228684678252;2.3330530841257247;-3.940870447854805
Z4;3.320282906063454;3.1398184902029502;5.1110338220515805;9.961869447179003;2.2474971342011596;0.1182972080793654;-10.683329849244403;-9.65434209875503;-0.6830402874492214;1.1403169563933613;3.5913725493711635;8.297012373450464;18.94620701588099;7.9209723917772035;-5.778269920594314;0.15500195236202163;-0.9294165476478322;2.2474971342011596
Z5;5.58236493217612;0.123816325609849;10.571042411027287;13.695183964709344;10.397582909602;-0.23178535967312008;-4.471871110713444;0.864874645778202;-2.233234075399837;-2.910175172995666;0.7596971219239412;7.128270519842106;23.85692999031828;4.27290971000458;-9.681702046235186;-15.014716927717696;3.3714016365175903;0.864874645778202
Z6;9.508393293884044;-0.03573641027720953;19.241251314114315;19.62857112173011;5.5110823291550926;4.871536390929387;-4.577979045681935;2.302617917451344;-1.2904126746536626;-8.617964653468569;-0.02973431446361418;9.883952185557533;40.065538478571014;17.215579764250567;-12.850654119920746;-16.48382777252969;9.37177554455577;4.871536390929387
Z8;14.18264125741957;7.007166857234748;10.417984999086638;8.53945482934142;2.645176304826613;-3.8517594975676306;5.3394672613041205;-9.090371430689858;17.700203954349437;-7.617662736613751;1.4710526947340874;-9.982157144830008;7.133449971526273;-8.95144188661301;-18.163470160352123;-19.148534858702792;10.79994315429973;2.645176304826613
